"","PC1","PC2","PC3","PC4","PC5","PC6","PC7","PC8","PC9","PC10","PC11","PC12","PC13","PC14","PC15","PC16","PC17","PC18","PC19","PC20","PC21","PC22","PC23","PC24","PC25","PC26","PC27","PC28","PC29","PC30","PC31","PC32","PC33","PC34","PC35","PC36","PC37","PC38","PC39","PC40","PC41","PC42","PC43","PC44","PC45","PC46","PC47","PC48","PC49","PC50","PC51","PC52","PC53","PC54","PC55","PC56","PC57","PC58","PC59","PC60","PC61","PC62","PC63"
"PIF_178",3.5745,-0.27399,-0.96045,0.29041,0.15714,-0.63339,-0.36375,-1.2497,-0.60707,0.63892,-0.0058363,-0.055922,-0.42863,-0.44464,0.2458,-0.3316,0.4125,-0.1062,-0.090814,0.09717,-0.1479,-0.14694,-0.50776,-0.14038,0.13689,-0.21985,-0.21729,0.19237,-0.24538,0.27382,0.054532,-0.47194,0.19464,0.144,0.088986,0.096658,-0.14854,-0.18632,-0.10196,-0.10056,-0.056386,-0.018872,0.07593,-0.20851,-0.0085074,0.07238,0.0093752,-0.084207,-0.016222,0.04424,0.053173,-0.047996,-0.099516,0.044191,0.069113,-0.040883,-0.0039655,-0.062384,0.070433,-0.017184,-0.045531,-0.0081555,-0.022685
"PIF_087",4.2315,1.226,0.11262,-0.47461,0.47722,0.45655,-0.35341,-0.14772,-0.30154,-0.69066,0.38468,0.29892,0.23562,-0.43726,-0.12903,-0.10689,0.24973,-0.44148,-0.11983,0.16403,0.078924,0.040611,-0.10652,-0.49186,-0.62794,-0.2209,-0.10242,-0.39162,0.048134,0.28655,-0.29672,-0.19334,0.38187,-0.30212,-0.14278,0.11997,-0.096027,0.028287,0.025425,-0.027513,-0.08725,0.1048,-0.0018204,-0.044976,0.052715,-0.082599,0.14919,-0.0023232,0.068404,-0.055157,0.079132,0.020542,-0.075778,-0.14193,0.02681,-0.008428,-0.026554,0.046663,0.020671,0.0078134,0.030157,0.015265,-0.016348
"PIF_090",2.677,1.9815,0.83795,0.53991,-0.24147,0.42198,-0.64615,0.26834,-0.75373,0.27545,0.29145,-0.72469,-0.14019,0.33716,0.37077,0.54746,0.11873,-0.36918,-0.12844,0.096245,-0.37978,0.44719,-0.097079,0.31476,-0.34072,-0.029895,-0.35523,-0.26062,0.083978,-0.2123,-0.29486,0.18474,-0.097703,0.19229,-0.040889,-0.039172,0.01629,-0.1211,-0.15183,0.017557,0.088735,0.18741,-0.29895,0.22415,-0.047752,0.11569,-0.062251,-0.10969,0.026929,0.12727,-0.00065185,0.01227,-0.083074,-0.04134,-0.025408,0.064475,-0.036666,-0.05371,-0.032404,0.0058999,-0.043882,-0.029386,-0.0089527
"NETL_005_V1",5.3757,-1.2299,-1.5487,-1.2162,-0.59814,0.65005,-0.058963,-1.0912,0.064824,-0.79695,-0.0945,-0.14859,0.54848,0.27182,-0.16082,0.42938,0.071823,0.26722,-0.082429,-0.37337,-0.66007,0.045404,-0.30546,0.48479,0.051002,0.2021,-0.069688,-0.12459,0.029696,-0.38887,0.25834,0.051292,0.23479,0.09466,0.32648,-0.14664,-0.17834,0.0030765,-0.062249,-0.10077,0.10742,-0.048258,0.085053,0.057187,-0.071043,-0.027443,-0.077112,0.087418,-0.013042,-0.022981,-0.019551,-0.018425,-0.079321,0.071885,-0.037603,-0.013921,-0.01883,-0.037446,-0.036249,0.04208,0.017763,0.033966,0.011796
"PIF_115",2.1645,1.5028,0.56941,-2.021,1.2633,0.84578,-0.025666,-0.12665,-0.1188,-0.02052,-0.050421,-0.39837,1.2956,0.12157,0.32498,-0.4648,-0.29006,-0.60563,0.16798,-0.11289,0.59011,-0.34782,-0.016836,0.0694,0.050642,0.19742,0.18198,0.25913,-0.094048,0.091586,0.23197,-0.15791,-0.090945,-0.23671,0.26214,0.03094,0.084,-0.087121,-0.25948,-0.048555,0.1038,-0.064193,0.0047853,0.19433,-0.093444,-0.036039,-0.014692,-0.08976,-0.021841,0.043227,-0.11344,0.046778,0.078075,0.017413,-0.012119,0.0080324,0.024313,0.02138,0.056929,-0.034523,-0.013891,0.0075754,0.0042823
"PIF_110",2.4636,0.54793,-0.4951,0.56745,-0.033628,0.32804,0.083822,0.44816,0.096604,-0.15189,0.13388,-0.18795,-0.56171,0.34455,0.45462,0.49643,0.15479,0.15208,0.37869,0.088148,-0.1726,-0.25109,-0.0085052,-0.2222,-0.18612,0.20374,0.4223,0.48231,0.007182,0.10108,0.25347,-0.10237,0.26758,0.099898,0.25135,-0.14311,0.23194,0.11478,-0.089823,-0.066919,0.17531,-0.099404,-0.214,-0.085064,0.043116,-0.03209,-0.033594,0.15944,0.067103,0.18348,0.11544,0.070664,0.062381,-0.14719,0.013976,-0.0061429,0.033935,-0.0018512,-0.029452,0.0054743,0.052634,-0.044286,-0.027531
"NETL_019_V1",1.4774,-0.63597,-0.26234,0.47001,0.1104,-0.38629,0.36168,-0.15413,-0.88125,-0.0047651,-0.0072089,-0.30953,-0.51599,0.64743,-0.94064,-0.55989,-0.33845,0.019505,0.32347,0.20818,-0.050018,0.020285,0.037663,0.016085,-0.031751,0.6401,-0.27561,0.026056,0.53153,-0.0039964,0.076873,-0.071495,0.054183,-0.17571,0.15635,0.44176,0.12054,-0.037827,-0.12357,0.060323,-0.12646,-0.017641,-0.092611,0.012818,-0.082773,0.097248,-0.012944,0.20074,-0.058686,-0.069043,-0.010028,0.057607,0.02789,0.0016176,0.05374,-0.020574,0.023317,0.089881,-0.031155,0.036208,-0.052585,0.010885,-0.018342
"NETCR_014_V1",-3.6623,-0.34531,-0.104,-0.23619,-0.1002,-0.42345,-0.21024,0.93891,-0.3156,-0.05176,-0.1581,0.010199,-0.020003,0.24283,-0.056198,-0.29484,-0.26242,-0.058576,-0.49709,0.053846,-0.28739,0.078665,-0.055583,-0.35538,-0.15007,-0.051561,0.0059628,-0.1245,-0.037394,-0.14205,-0.26745,-0.223,-0.012245,-0.14079,0.013205,0.0044945,0.13644,-0.10856,-0.20962,0.020553,0.077659,0.14626,-0.086165,-0.081978,-0.1761,-0.15806,0.12129,0.11683,-0.051614,0.023513,-0.059983,-0.12866,-0.16358,0.030852,-0.10134,-0.11481,-0.020813,-0.065079,0.0073816,-0.0052737,0.065279,0.054562,0.020908
"NETCR_014_V2",-0.88603,-0.2802,0.15567,-0.11252,-0.79458,0.29764,0.27769,0.28625,0.043341,-0.050118,0.13804,0.30419,-0.025536,-0.23379,0.43827,0.30432,-0.65383,-0.072778,-0.17888,0.17051,-0.40453,0.04671,0.30649,-0.33252,-0.08115,-0.33671,-0.031535,-0.1111,-0.52116,-0.30107,-0.10266,-0.080177,-0.20624,0.27898,0.13467,-0.011986,-0.028054,-0.18706,-0.26849,-0.21094,-0.23065,-0.10068,0.19068,0.097023,-0.011511,-0.13926,0.06426,0.09743,0.0019388,-0.097719,0.010826,0.181,0.065539,-0.0089527,0.0083674,-0.071741,-0.047942,0.086256,0.025527,0.038974,-0.041472,-0.015857,-0.02833
"PIF_154",2.8687,0.10122,-0.99775,-0.79257,0.72377,-0.39421,-0.027425,0.44844,-0.77475,-0.88103,-0.67449,-0.51928,-0.57297,-0.21399,-0.11431,0.11997,0.45204,0.030812,0.25367,-0.017951,0.4141,-0.33262,0.2002,-0.12924,0.24591,0.14136,0.029796,0.11611,0.11452,0.0067886,-0.17975,-0.069541,-0.2413,0.1258,-0.33339,-0.16785,-0.078639,-0.23606,0.081361,0.07889,0.12589,-0.011801,0.0071121,0.033778,-0.06278,-0.030656,0.069821,0.051754,-0.093489,-0.14825,0.034159,0.09918,0.025695,-0.033957,-0.0047699,-0.093094,-0.062527,-0.037779,-0.024173,0.021954,-0.022195,-0.062078,0.032863
"NETL_022_V1",1.6203,-0.92831,0.5959,0.4769,0.50313,0.63864,0.7655,-1.414,-0.83958,-0.1987,-0.75264,0.16156,-0.19659,-0.18409,-0.68273,-0.30521,-0.12644,-0.0067652,0.079748,-0.18399,-0.21332,0.10658,0.24038,-0.15257,-0.15534,-0.0019523,-0.1788,0.18656,-0.36717,0.1887,-0.065358,0.32279,-0.10185,-0.23359,-0.018904,-0.13959,-0.15103,0.14607,0.10414,-0.14106,0.15257,0.14155,-0.054282,0.0074228,0.013821,-0.0082703,-0.16533,0.040118,0.20557,-0.044225,-0.12237,0.016471,-0.059238,-0.10859,-0.019144,-0.01849,-0.016144,-0.045819,0.049957,0.00052652,0.0077148,-0.031819,-0.0052912
"NETL_022_V2",2.5982,0.71861,-0.060577,1.3501,0.38315,1.0168,1.3684,0.46514,-0.434,-0.52859,0.87663,0.57794,-0.091186,-0.34188,0.22024,-0.51508,0.19072,-0.44808,-0.54429,0.18322,-0.26319,-0.11107,-0.19696,0.17107,0.071128,-0.095173,-0.46875,0.19212,0.081911,0.21876,-0.0014923,-0.058094,-0.16172,0.21209,0.07444,-0.33151,-0.26145,0.11181,0.10774,0.040478,0.044872,-0.24919,0.095942,0.16511,-0.075863,0.027764,0.04435,0.06614,-0.09286,-0.0075973,0.067156,-0.080806,0.063165,0.084608,0.038272,-0.015823,0.035917,0.039806,-0.011785,-0.013874,0.019665,-0.00033569,0.0018549
"NETL_008_V1",1.5753,0.29046,0.89204,0.37737,-0.50174,0.072714,0.68091,0.13613,0.76242,0.26713,-0.59934,-0.45775,-0.095147,0.31074,0.01593,-0.19525,-0.044697,-0.34504,0.48219,0.021381,-0.061027,0.11403,-0.06394,0.1644,-0.14995,0.1444,0.13602,0.057265,-0.18947,0.058557,-0.5476,-0.10871,0.2793,0.054779,0.16346,-0.082017,-0.17021,0.22453,0.20398,-0.011179,-0.14434,-0.069244,0.081313,0.020626,-0.21228,0.08228,0.11432,0.071894,-0.0080607,0.11015,-0.14758,0.040222,-0.05992,0.074373,-0.0073994,-0.022462,-0.027312,0.079181,-0.050069,-0.014751,-0.0073026,-8.8429e-05,0.046272
"PIF_146",0.5899,0.49695,-0.17702,0.78133,-0.14918,0.36248,-0.62573,-0.23317,-0.08895,0.74159,0.52497,-0.021813,0.26597,0.10906,-0.0011532,-0.23014,-0.075244,0.55367,0.63689,0.14794,-0.36621,-0.18047,0.17642,0.12174,-0.17104,0.12475,0.10195,0.16867,-0.01129,-0.20076,-0.15451,-0.23919,-0.21013,-0.026035,-0.22783,0.019355,-0.013997,0.13555,-0.011295,-0.27293,-0.10959,0.10542,-0.11818,0.061549,0.022124,-0.11464,-0.15298,-0.21161,-0.12253,-0.070095,-0.022693,0.031324,-0.058036,0.066196,0.012892,-0.066978,0.12434,0.022911,0.092462,0.049942,-0.0051318,0.0082307,0.0034581
"PIF_119",-4.3718,0.71126,-0.36683,-0.63603,0.65468,-0.17432,-0.16424,-0.13565,-0.37041,0.043491,-0.16254,-0.44509,-0.4606,0.095222,-0.60975,0.49716,-0.37116,0.11403,0.035346,0.18016,-0.18001,0.45773,0.12816,0.24974,-0.29617,-0.31219,0.49627,0.47064,-0.038928,0.044092,-0.29717,0.089673,-0.12407,-0.14845,0.18308,-0.061318,-0.22307,-0.0063707,0.29979,-0.033543,0.19692,0.010975,0.12986,0.13698,0.093392,-0.012218,0.011001,-0.020257,-0.18577,-0.061582,0.15267,-0.033333,-0.141,0.03553,-0.0068514,-0.019131,0.056617,0.041196,-0.033078,-0.066989,-0.014709,0.019493,-0.015745
"PIF_099",-4.2019,0.6711,-0.28547,-0.21019,0.15596,0.30387,0.024356,0.55125,-0.29314,0.20352,0.55504,-0.89768,-0.040028,-0.91481,-0.087492,-0.30665,0.25146,0.68344,0.19246,-0.059621,-0.20703,-0.10881,0.28433,0.41107,-0.222,-0.32344,0.15406,0.20699,-0.0048809,0.1004,0.41898,0.40878,0.098301,0.031089,-0.10984,0.1217,-0.095078,0.11334,-0.21649,-0.066843,-0.16113,-0.12093,0.047925,0.020536,0.071291,0.13703,0.022612,0.14965,-0.080265,0.046202,-0.036747,-0.037929,-0.055473,-0.08251,0.037412,0.0034608,-0.1449,0.0061989,0.068572,0.044721,0.040608,0.023371,0.016831
"PIF_162",0.48567,0.1466,-0.72191,0.20427,0.47054,1.2887,-0.070716,1.0608,-0.19281,1.2223,-0.96376,1.6349,0.13125,-0.2548,-0.48,0.19978,0.23842,-0.28122,0.1549,0.18236,-0.14068,0.030089,0.22853,0.31867,0.27877,0.060364,0.062618,0.16569,0.11031,0.10558,0.037997,-0.076887,0.15047,0.091189,0.034448,-0.10224,-0.067759,-0.26179,0.013805,0.094094,-0.011131,0.23008,-0.089916,-0.090217,0.12452,-0.082864,-0.05092,0.029885,-0.14745,0.0065075,-0.082159,-0.011051,0.072757,-0.038759,-0.10909,0.0037215,-0.057188,0.012567,-0.0047728,0.015572,-0.025477,0.021533,-0.0045868
"PIF_160",1.2528,0.81494,-0.17455,0.23546,-0.19587,-0.19569,0.28256,0.064251,0.43204,0.62649,-0.36954,-0.16296,-0.28914,0.32974,-0.095074,0.04322,0.14864,-0.13773,-0.27828,0.43379,0.26554,-0.09064,0.17418,-0.31734,-0.26264,0.49195,0.30273,-0.041881,0.24957,-0.10548,-0.12776,-0.122,-0.34724,0.23616,-0.12467,0.1116,-0.37576,-0.065444,-0.24272,0.0090581,0.085923,0.0064367,0.12724,0.024602,0.17854,-0.079879,-0.12928,0.0842,0.19561,-0.017303,-0.0686,-0.12751,-0.020415,0.08253,0.12697,0.048846,-0.010393,0.043495,0.046227,0.020279,0.068763,-0.005427,0.029231
"PIF_113",0.72377,0.34058,-0.58097,-0.056743,-0.062886,-0.90599,0.48361,0.27361,0.069414,0.33797,0.040952,0.49921,-0.21757,0.19003,0.32056,0.15068,-0.16859,-0.11457,-0.33442,-0.65482,-0.0010732,-0.17109,0.5398,0.23988,-0.42741,0.47412,0.02649,0.239,-0.11423,-0.11286,-0.057237,-0.16815,-0.16019,-0.049769,-0.11722,-0.027389,-0.020534,0.26711,-0.0846,-0.13251,0.070194,-0.16598,-0.031646,-0.20511,-0.15775,-0.039947,0.057007,-0.10648,0.092696,0.04502,0.12414,0.019522,0.080108,-0.00029117,0.0031122,-0.032442,-0.022285,-0.069039,-0.037567,0.0038265,-0.036789,0.02791,-0.0038247
"PIF_143",1.9497,0.92507,0.28328,0.71219,-0.091847,-0.25219,-0.59784,0.043567,-0.23633,-0.80556,0.21012,0.5429,-0.29814,0.44053,0.3202,0.13634,0.055925,0.18857,0.21952,0.78434,0.1091,-0.21043,-0.14746,0.002631,0.12071,0.095407,0.22828,0.059452,0.091448,0.010271,-0.018723,0.59817,-0.0058656,-0.33448,0.085607,-0.058066,0.068858,-0.18845,0.048395,-0.046166,0.099397,-0.16366,0.053244,-0.0083017,0.0092054,-0.22792,0.15859,0.085731,0.052318,-0.02322,-0.018182,0.11371,-0.01843,0.081635,0.031108,0.014065,0.041825,-0.072797,0.050086,0.0027567,-0.015485,0.06267,-0.024472
"NETCR_007_V1",1.6278,-0.87876,0.2395,0.4027,0.25159,-0.0034854,-0.32263,0.38525,0.51531,0.47886,0.7193,0.47033,-0.67648,-0.10997,-0.026575,-0.023907,0.0076126,-0.15853,-0.085271,-0.15475,0.20235,-0.29276,0.067474,0.099802,0.038272,0.10012,-0.25941,-0.11536,-0.022758,-0.017396,0.30929,0.32294,-0.064737,-0.13035,0.059494,-0.01756,0.10826,-0.24614,-0.26637,-0.13967,0.04713,-0.05857,0.14347,0.16127,0.15452,0.14235,-0.0097776,-0.043031,0.063627,-0.071049,-0.08029,0.055254,-0.23667,-0.045697,-0.017585,0.020822,0.036803,0.037581,-0.11367,-0.037995,-0.028195,0.00047271,0.020164
"NETCR_007_V2",3.1391,-0.6204,0.51372,-0.095681,-0.2165,-0.33659,0.087965,-0.061975,0.41337,0.29928,0.27822,0.078272,-0.067288,0.17746,0.3086,-0.16423,0.26434,0.15203,-0.37689,0.17952,0.10367,-0.25031,0.13432,-0.17403,-0.10105,-0.33505,0.13546,0.21302,0.23567,-0.12348,0.38804,-0.15371,-0.0042903,-0.3301,0.089674,-0.039364,0.036758,-0.11193,0.17592,0.057965,0.14801,0.11039,-0.16224,0.13228,0.063719,0.044361,0.036772,-0.0906,0.032192,0.11244,0.04784,-0.028503,-0.078107,0.15286,0.032713,-0.13543,-0.13974,-0.007325,0.00041288,0.022384,-0.038392,-0.024515,0.044981
"PIF_137",2.2324,1.1862,-0.9935,-0.20547,-0.40037,-0.096732,0.89135,0.19364,0.43437,-0.27667,-0.17629,0.11425,-0.15792,0.68347,0.10628,-0.36395,-0.47959,-0.18917,-0.2354,-0.48552,0.031244,-0.61716,-0.46902,-0.12426,0.29974,-0.14536,0.16028,0.020217,-0.26152,-0.3307,-0.26484,0.61987,-0.026757,-0.18167,-0.083857,-0.027864,-0.033128,-0.16009,0.010585,0.075038,-0.27194,0.17819,-0.046747,-0.11389,0.14021,0.14184,-0.088425,0.060574,-0.075662,0.085983,0.11146,-0.11514,-0.024359,-0.037483,-0.052946,0.023,0.061035,0.0141,0.067699,0.0067049,0.0046973,-0.028802,0.017305
"PIF_100",-3.2534,1.1631,0.75201,-2.0591,-0.37064,0.85662,0.25654,0.064259,0.19673,0.33674,1.2523,-0.07201,-0.57837,0.28151,-0.80908,0.42346,0.33261,0.42847,0.09758,0.023349,-0.18016,-0.041943,0.27874,-0.79083,0.21966,0.11078,-0.48965,-0.088153,-0.13429,0.20195,-0.067841,-0.08357,0.086547,-0.10714,0.022754,-0.24299,0.040485,-0.010405,0.10142,0.019097,-0.035702,0.0027909,0.046014,-0.15821,0.054376,0.041985,-0.16056,0.040593,0.025858,0.062406,0.016221,0.075585,0.079305,0.12485,-0.020878,0.013793,0.018064,-0.039824,-0.024839,0.013228,-0.0033774,0.008383,0.014943
"NETL_004_V1",-0.77777,-0.83179,0.35008,-1.0458,0.6385,0.0048089,0.21925,-0.76759,-0.68808,0.060548,-0.3058,0.52441,0.13242,0.53622,0.88906,-0.54837,0.22658,0.95195,-0.077643,0.25825,-0.13755,0.54126,-0.33804,-0.18171,0.10153,0.28964,0.20607,-0.14707,0.003875,0.22211,-0.11377,0.13486,-0.037798,0.096681,-0.40075,-0.11733,-0.054728,-0.060203,-0.073967,-0.23555,-0.19491,-0.030252,-0.033828,0.062946,0.074856,0.00019278,0.079593,0.0010092,-0.070485,0.13719,-0.078493,0.010716,0.032259,-0.038738,0.042456,0.012876,0.033307,0.0037869,-0.099828,-0.018834,0.0059571,-0.0052731,0.014162
"PIF_094",1.1894,0.27271,-0.61279,-0.30931,0.41655,-0.61619,-0.13876,0.41346,-0.18362,0.20724,-0.017545,0.26124,0.27251,-0.11795,0.11858,-0.17277,0.20163,-0.0060941,-0.23589,-0.040975,-0.49358,-0.34813,0.057997,0.20747,-0.070125,0.16824,-0.17534,0.021661,-0.053499,-0.35378,-0.17306,-0.029465,0.39803,-0.051478,-0.027048,-0.079042,0.092931,0.10377,0.15719,0.25807,0.071209,0.021952,0.078081,-0.018816,0.11743,0.08599,-0.089399,-0.19958,0.076102,-0.033301,-0.058111,0.15598,0.012419,-0.096169,0.12017,-0.0034776,0.057724,0.029839,-0.010216,0.021694,0.043328,0.046057,0.011441
"PIF_132",4.8558,0.56035,-0.31306,0.21723,-0.088503,-1.061,-0.20748,-0.049674,0.98779,0.28576,0.42788,-0.38117,0.57979,-0.12807,-0.71107,-0.046575,0.19062,-0.33538,-0.2882,0.36807,-0.51752,-0.043552,-0.040945,-0.22715,0.07029,-0.061905,0.47646,-0.30506,0.2499,0.33815,0.1787,0.15017,-0.38891,0.023039,0.2798,0.0064594,-0.051062,0.11506,0.080217,-0.19978,-0.050665,0.12374,0.21141,-0.11686,0.040172,0.036027,0.01085,-0.10171,-0.02295,0.0014647,-0.087058,0.0010212,0.079306,-0.12763,-0.07635,-0.074277,0.024996,-0.028561,-0.075143,-0.0030453,-0.00022593,-0.020651,-0.011418
"PIF_163",2.4801,-0.1187,-0.97346,-0.030127,0.76359,-0.65234,-0.45748,0.51631,0.004842,0.48074,0.9428,-0.46728,0.18143,-0.18771,-0.14131,0.35886,-0.19884,0.31063,-0.30709,-0.45802,0.43352,0.29473,0.17503,0.36222,0.60074,0.28241,-0.009245,-0.34203,-0.05899,0.11653,-0.27152,0.13099,0.097006,-0.2773,-0.055064,-0.11503,-0.36183,0.026355,-0.0011404,0.012014,-0.043212,-0.024106,-0.14787,-0.027681,-0.1166,0.0033622,0.056761,0.035735,0.10194,-0.10678,-0.021357,0.032371,0.042455,0.052768,-0.0021156,0.013074,-0.039386,0.048426,0.052953,-0.021613,0.0056752,-0.023211,-0.034447
"NETCR_003_V1",-4.5639,0.55139,0.18784,0.29019,-1.0436,-0.25322,-0.42283,-0.37107,0.29463,-0.32512,-0.024198,0.40513,0.50339,-0.12058,-0.15444,-0.0078952,0.13511,0.022122,-0.052599,0.037706,0.11359,0.091326,-0.41736,-0.087114,-0.0057617,0.38234,0.088023,0.20938,-0.29503,0.040001,0.064044,-0.21696,-0.15119,-0.15176,-0.089164,-0.21187,0.080829,0.19765,-0.18499,0.44314,0.16544,0.28557,0.19479,0.1456,-0.0043359,0.22222,0.069861,0.084839,-0.14093,-0.10968,0.012266,0.099705,-0.05262,-0.028561,0.10749,0.02836,-0.016606,-0.017768,-0.010406,0.058807,-0.0033204,-0.020024,-0.014166
"NETL_028_V1",2.8493,-0.064342,0.34623,0.64722,0.44858,0.43235,0.86283,-0.27138,0.59521,-0.41693,-0.27523,-0.60572,-0.15166,0.47909,-0.10538,-0.063447,-0.18802,0.21601,0.018267,-0.39034,-0.14745,0.17803,0.14076,-0.040743,-0.27775,-0.40601,0.24567,-0.17957,-0.017254,-0.038199,0.053101,-0.46627,-0.035379,-0.07992,0.0050032,0.075062,0.079419,-0.36434,-0.15082,0.1866,-0.066532,-0.0038561,0.063107,-0.11282,-0.069148,-0.060611,-0.20624,0.042601,-0.075679,-0.04163,0.032252,0.09992,0.018126,-0.046226,0.0060835,0.095566,-0.053281,-0.014167,-0.0155,-0.031457,-0.012222,0.022874,-0.0085889
"NETL_028_V2",-0.86213,-0.33122,0.21409,1.0799,0.94946,0.12214,1.1521,0.33247,0.30755,-0.41074,-0.20941,-0.4293,-0.37966,0.12825,0.10119,-0.11169,0.21215,0.4739,0.27231,0.068794,-0.050405,0.13271,0.31302,0.061612,-0.16401,0.005775,-0.04336,-0.39164,-0.15163,-0.10663,0.38301,0.037835,0.024207,-0.033535,0.018928,-0.16795,0.040315,-0.26697,0.05096,-0.057331,0.1278,0.27137,0.074722,-0.0065579,-0.14242,0.12427,0.14679,-0.26884,-0.011138,-0.11778,0.010763,-0.0092184,0.14991,0.041911,0.013869,0.035179,0.055482,-0.020637,0.031636,-0.0060982,0.052518,0.017832,0.0099106
"NETCR_013_V1",1.2804,3.2612e-05,-0.31745,-0.016396,-0.44766,-0.17124,-0.22838,0.46649,0.14325,0.047624,-0.58629,0.21103,0.27055,-0.28986,-0.11787,-0.32772,0.0092329,0.48464,-0.14351,0.76988,0.24254,0.32671,0.47669,0.058678,0.10141,-0.057503,0.12165,-0.26188,-0.58699,-0.26072,-0.26798,0.054615,0.2773,-0.082041,0.36448,0.021981,0.054566,-0.020931,-0.0063341,-0.023767,0.094155,-0.090694,-0.030016,0.025726,-0.051253,0.17826,0.017487,0.0048692,0.052473,0.076405,-0.05342,-0.051063,0.051259,0.046215,0.044929,0.0038558,0.0027889,-0.052166,0.0019073,0.04014,-0.011194,-0.050988,-0.023355
"NETL_020_V1",-0.84876,-0.39057,0.32805,-0.52582,1.0605,0.002574,-0.80027,-0.4236,0.59482,0.39147,-0.11271,0.50615,-0.66321,-0.11265,0.25413,0.033961,-0.24896,-0.16,-0.27354,-0.20834,0.047594,-0.08976,0.064669,-0.26102,-0.30434,-0.52732,-0.03319,0.055296,-0.081286,-0.30164,0.20575,0.17759,-0.020463,-0.20317,-0.060497,0.15591,-0.13509,0.12682,0.023076,0.03187,0.024456,0.081681,-0.14812,-0.018411,-0.20699,0.21137,-0.022761,0.15502,-0.073306,-0.021147,-0.030549,-0.093195,0.15017,0.0054977,0.13601,-0.043707,0.091768,0.028682,-0.03359,-0.0040176,-0.027859,0.013932,-0.013381
"NETL_020_V2",0.59679,-0.11818,0.35097,-0.46844,1.0442,0.39244,-0.59052,-0.59799,0.59771,0.14875,-0.62171,0.55162,-0.48064,0.15641,-0.017715,0.05387,0.11093,-0.28703,0.26414,-0.16713,-0.0061546,0.30861,0.11231,-0.17327,0.045944,-0.1884,0.3128,-0.32322,0.19705,-0.0091445,0.28961,0.064983,-0.21524,0.33314,0.073408,-0.11602,0.056468,0.20617,0.087798,0.28498,-0.1515,-0.31551,-0.11472,0.035561,-0.029448,0.057742,0.047053,-0.039016,0.074527,-0.045578,0.038825,0.093324,-0.15268,0.070705,-0.08373,0.001164,0.042921,0.012763,0.077083,0.063527,0.032852,-0.02131,-0.010154
"PIF_192",-0.76412,0.65412,-0.92786,0.18587,-0.31622,-0.20879,0.29914,-0.2292,0.91025,-1.0285,0.078383,0.95157,0.30642,-0.61477,-0.17945,0.57612,0.20767,-0.13026,0.081769,-0.055674,0.34415,0.78935,0.10285,-0.011678,-0.24161,0.20703,0.050345,-0.24422,0.27926,-0.017057,0.12659,0.0049829,-0.016221,-0.091515,-0.26764,-0.050361,0.012509,0.0068607,-0.12463,-0.23926,0.098809,-0.044872,-0.036971,-0.12054,-0.11864,0.087496,-0.11057,0.035191,-0.11726,0.1488,0.014933,-0.017177,-0.064677,-0.015193,0.03085,0.039928,0.010489,0.035708,0.0685,-0.022287,-0.052842,0.0087566,0.034795
"NETCR_012_V1",-1.9527,-1.052,0.10247,-0.06277,-0.11788,-0.39043,0.68483,0.24466,0.69072,-0.29635,0.27803,-0.13819,0.81264,0.434,0.024725,0.24125,0.021235,0.27605,-0.39164,0.29102,0.30045,0.3763,-0.18533,-0.025363,0.077018,-0.10325,-0.19263,0.2305,0.096745,0.1032,0.14816,-0.1271,0.077527,0.22924,0.17667,0.013705,-0.25157,-0.19311,0.0005315,0.16336,-0.053612,0.080806,-0.31689,-0.063204,0.1744,-0.041088,-0.029703,-0.0062794,0.015766,-0.066783,0.013225,0.028577,-0.086554,0.024341,0.061,-0.022931,0.056036,0.026022,0.012919,-0.01887,0.021176,-0.0092011,-0.039598
"NETCR_012_V2",2.2356,-1.0196,-0.093573,0.50294,0.091468,0.071211,0.9001,0.76762,0.60869,0.24034,0.085228,0.1962,0.52882,0.388,-0.2053,0.25027,0.34264,0.40001,0.5026,0.11341,0.44586,-0.10552,-0.091802,-0.36397,-0.018287,-0.021958,-0.30066,-0.0078585,-0.24619,0.057073,-0.078838,0.13224,0.043173,-0.013926,0.015818,0.41016,0.11213,0.27067,0.08129,-0.02734,0.016368,-0.10128,0.071924,0.11286,-0.025329,-0.018692,0.049579,-0.01673,-0.16848,-0.0018091,-0.0024103,0.027704,-0.094496,-0.065327,-0.032645,-0.026654,-0.017941,-0.081315,0.050431,-0.040097,-0.022098,-0.011545,0.0064956
"PIF_089",2.9574,0.76775,-0.52853,-0.30325,-0.47594,-0.74597,1.005,-0.30996,-0.54005,0.029847,0.37459,0.022015,-0.26024,-0.04234,0.53957,0.43605,0.18806,0.17006,-0.18016,-0.26454,0.45982,0.24847,-0.11847,-0.1271,-0.072116,-0.36461,-0.177,0.40588,-0.132,-0.063109,0.040735,0.052101,-0.28706,0.24041,0.07121,0.33869,0.052476,0.18082,0.19971,0.08225,0.084941,0.14759,-0.068293,-0.059761,0.06052,-0.071497,0.074314,-0.014451,0.0045543,-0.069859,-0.25907,0.090781,0.0081816,0.00019143,-0.10584,0.095113,0.008069,0.028154,0.0033499,0.049166,-0.010671,0.036189,0.0095274
"NETCR_002_V1",0.63215,-0.77022,-0.34914,-0.21914,0.64608,0.51325,-0.47761,1.1496,-0.15472,-0.80212,-0.096172,-0.22583,-0.2967,0.42694,-0.050716,0.0045496,-0.21716,-0.38736,-0.53125,0.39683,0.19835,0.35955,-0.095802,0.12392,0.016624,0.083301,-0.028184,0.21536,-0.056838,0.39915,0.052132,0.19677,0.12726,0.23068,0.018101,0.17664,0.29206,0.21819,0.048072,-0.022661,-0.32619,0.052793,0.074449,-0.045089,-0.12575,0.029114,-0.28569,-0.19812,-0.032375,-0.0037278,0.028449,-0.01653,-0.03594,0.06592,0.079501,-0.029236,-0.036857,-0.035911,0.0089685,0.023838,0.0092737,0.0052084,0.003784
"PIF_179",-0.76011,1.3465,0.12202,-0.16154,0.65008,-0.42909,-0.34187,0.12222,0.31943,0.16015,0.34276,0.075532,0.16061,0.64675,-0.14335,-0.6731,-0.042043,-0.12083,0.34757,0.030573,-0.033559,-0.19595,0.15801,-0.056394,0.083101,0.17923,-0.0717,-0.19499,-0.43669,-0.37723,0.42976,-0.15358,0.14714,0.416,-0.22027,-0.036735,-0.19875,0.13709,0.15377,-0.0099919,0.038155,-0.092155,-0.090047,-0.072028,-0.0013215,-0.13292,0.038109,0.066805,-0.15476,-0.10218,-0.001084,-0.083719,-0.14205,-0.050242,0.010977,0.076711,-0.057906,-0.049891,-0.064157,-0.06258,-0.0044561,-0.0091605,-0.024935
"PIF_114",2.0786,0.62621,-0.7464,-0.18727,-0.90989,-0.77623,0.14265,-0.017643,-0.13462,1.0169,-0.98365,-0.0065047,0.55782,0.30327,-0.42571,0.24916,0.0060455,0.24261,-0.081806,0.1274,0.1423,0.082686,-0.25969,-0.16268,-0.15374,-0.54475,-0.22086,0.063766,-0.035058,0.2741,0.13144,0.21681,0.12575,-0.084203,-0.18371,-0.21517,0.26596,0.02713,-0.072374,-0.063595,0.048027,-0.23039,-0.03245,0.21306,-0.08486,-0.16497,-0.13141,-0.03169,0.071857,-0.17057,0.098058,-0.11063,0.11042,0.004466,0.084098,0.068248,-0.037557,0.050088,-0.047846,-0.021307,0.0057491,0.010599,0.0093286
"NETCR_006_V1",3.2131,0.50213,-0.54438,0.25044,-1.4059,0.8581,-0.94067,-0.69683,-0.81532,0.14321,0.15548,-0.32329,-0.34174,0.087868,0.045081,-0.35819,0.23106,0.15231,0.016692,0.14359,1.1572,0.17962,0.31719,0.14924,-0.15981,-0.097796,0.041369,-0.21628,0.11732,-0.34771,0.12899,-0.12969,0.065941,0.16634,0.19293,-0.21034,0.17757,0.026931,0.20215,0.067756,-0.19358,0.071393,0.15804,-0.12177,0.079747,0.040702,0.06237,0.033803,-0.024535,0.009515,0.016601,-0.087836,0.055239,-0.037184,-0.030598,-0.020315,0.029011,0.044763,-0.0077115,-0.042626,0.0012947,0.023425,0.0086889
"PIF_141",0.16964,-0.62,-0.19262,0.72039,1.2328,-0.46424,-0.057559,0.41476,0.012471,0.30162,0.1912,-0.57108,0.4148,-0.76894,0.56007,0.017105,0.068457,0.27833,0.058491,0.0025402,-0.3178,-0.021262,-0.37153,-0.71089,0.062338,0.12222,0.23553,-0.037138,0.2508,-0.21894,-0.12763,-0.091143,0.36833,0.04181,-0.1011,-0.11465,0.18522,-0.03262,0.21705,0.04425,0.14127,-0.059474,0.081351,0.089074,-0.032203,0.053399,-0.13448,0.11702,0.015082,0.019431,-0.024486,-0.056256,0.0079973,0.040331,-0.1372,0.057074,0.013164,0.10028,0.016374,0.026121,-0.047614,0.0072668,-0.0049207
"NETCR_025_V1",2.1255,-0.62763,1.5488,-0.3065,0.15855,0.30987,0.22762,-0.098958,0.70287,-0.12311,-0.30327,0.045891,-0.22459,-0.28573,-0.50959,-0.27087,0.28665,0.30287,-0.47648,-0.058506,0.27051,-0.023227,-0.22964,0.20518,0.2575,0.17563,-0.22929,0.041189,0.13285,-0.59366,-0.13048,-0.070145,-0.28072,-0.18239,-0.11324,-0.016413,0.17311,0.12247,0.18456,-0.13455,0.0023363,-0.025343,0.0032842,0.081439,0.033782,-0.17686,0.002261,-0.07377,0.036676,0.098079,0.14222,-0.037123,-0.03443,-0.088867,-0.013884,-0.0017795,-0.10546,0.069106,-0.0005681,0.038488,0.021979,0.019639,-0.052846
"NETCR_025_V2",3.1323,-0.55284,2.1226,-0.76117,-0.21264,0.058549,0.28758,-0.043007,0.36708,0.077185,0.37065,-0.064155,-0.57914,-0.52411,-0.37418,0.31234,0.58197,0.054416,-0.18414,0.090176,-0.12968,0.13327,-0.43123,0.60204,0.12918,0.016988,0.33997,0.29278,-0.05841,-0.17415,-0.31839,-0.076907,0.18198,0.065671,-0.053738,0.097938,0.17155,-0.058224,-0.29831,0.048495,0.054178,-0.18443,-0.030626,-0.18496,0.048793,-0.029788,0.063867,-0.035306,-0.10393,-0.1536,-0.054258,-0.1108,0.086723,-0.042424,0.0090357,-0.0019638,0.074056,-0.013034,0.035723,-0.033715,-0.005035,-0.02463,0.019935
"NETCR_016_V1",2.9434,-0.34691,0.4069,-0.42283,-0.83647,0.96323,-0.44841,0.6522,-0.34983,0.51657,-0.12343,0.22488,0.27076,-0.06459,0.28866,-0.26453,-0.29459,0.19571,-0.32119,-0.74104,-0.34281,0.64484,0.057072,-0.30726,-0.22048,0.33781,0.1052,0.073284,0.15235,0.078901,0.14761,0.23503,0.10536,0.068586,-0.0084108,0.56215,-0.19493,-0.14953,0.2022,0.14004,0.15027,-0.065169,0.16023,0.028233,0.068592,0.031231,0.16014,-0.047536,0.028138,-0.039554,0.14886,0.033203,0.061297,-0.0042076,0.00014454,-0.00036633,0.016697,-0.033481,0.0095568,-0.019361,0.018056,-0.023941,0.012674
"PIF_116",-2.8356,1.2036,1.2055,0.55699,0.32064,-0.73446,-0.035263,-0.089891,-0.39402,0.090865,-0.4037,-0.37962,0.59636,0.28719,-0.04644,0.30085,-0.56528,-0.41209,0.0064127,0.066882,-0.12809,0.51532,0.07012,0.049593,0.35362,-0.069877,-0.47656,0.16295,0.14167,-0.18355,0.30326,0.014564,0.024216,-0.097458,-0.081012,-0.1012,0.029122,-0.23243,0.20252,0.0096737,0.038417,-0.32119,0.12772,-0.27807,0.076506,0.049824,0.033255,0.038535,0.023305,0.071013,-0.1359,-0.068801,-0.0092829,-0.096432,0.052126,-0.069747,0.013561,-0.032958,0.027264,0.056769,-0.0032481,-0.00096263,0.01662
"PIF_191",-3.4772,0.18235,-0.046748,-0.30075,0.58907,-0.83778,-0.40269,-0.066592,-0.12452,-0.39675,0.54399,0.77464,0.3359,0.17272,-0.10605,-0.40714,-0.31607,0.20068,0.067763,-0.20368,0.28275,-0.010795,-0.13961,0.28861,-0.20348,-0.27783,-0.22256,0.0017265,0.38118,-0.14064,-0.36278,-0.21057,-0.15255,0.34976,0.19461,0.10583,0.21437,-0.10616,0.12351,-0.33703,0.14162,0.036187,0.062149,0.10683,0.063523,0.16127,-0.12889,0.11224,-0.034237,-0.020576,0.0236,0.025205,0.12788,-0.016411,-0.047966,-0.022079,-0.015504,-0.047078,0.0053747,0.007495,0.06165,-0.038562,0.0012405
"PIF_164",2.9542,0.70499,0.69749,0.93824,0.54957,-0.56436,0.0016341,-0.82588,0.030946,-0.099728,0.1374,0.25154,0.20363,-0.13356,-0.027929,0.5649,-0.51284,0.29549,0.40902,-0.63634,0.29615,-0.11804,0.21476,0.25531,-0.00029378,-0.15382,-0.066922,-0.15905,0.00012196,0.28901,-0.072642,0.09231,0.30606,-0.022846,-0.1417,0.046252,0.024261,0.0072085,-0.16765,0.24382,-0.12839,0.074623,0.13084,0.044988,0.13467,-0.23199,0.0097088,-0.059079,-0.16121,0.15487,0.015233,-0.024769,0.023706,0.1091,0.015861,-0.11846,0.0049036,0.017861,-0.085568,0.052489,0.041743,-0.025674,-0.0051368
"NETL_013_V1",-3.9905,-0.095258,0.046637,0.26473,-0.5592,0.37624,-0.054934,-0.1553,0.39612,-0.015769,-0.12637,-0.47553,0.18803,-0.22202,0.12238,-0.71648,-0.02423,-0.1148,0.15659,-0.33943,0.031511,-0.085154,-0.32984,0.056183,-0.28634,0.17534,-0.028173,-0.54517,-0.16189,0.3801,-0.1853,0.30626,-0.14409,0.18227,0.21918,-0.11489,0.13194,0.017312,0.029652,0.025674,0.27361,-0.15201,-0.34175,-0.185,0.22437,-0.066191,-0.017651,-0.028518,-0.076672,-0.1529,0.082069,0.016581,0.067741,0.0089234,0.019901,-0.09319,-0.019949,0.032734,-0.0015888,0.038694,-0.053997,0.027701,0.025717
"PIF_188",-4.0989,0.65023,-0.19888,0.42652,-0.073159,0.5315,0.1672,0.74355,0.010797,-0.19391,-0.49874,0.10938,0.0014824,-0.33914,0.19261,-0.27813,0.16123,0.22024,0.77226,-0.32604,0.26808,0.13652,-0.47977,-0.1676,0.31957,-0.47662,0.027064,0.078426,0.50416,-0.29937,-0.19934,-0.14569,-0.053498,-0.29722,0.30636,0.025464,-0.40693,0.1799,-0.20116,-0.072746,-0.13338,-0.063067,-0.017049,-0.10063,0.079391,0.043461,-0.041652,-0.13047,0.1625,-0.01856,0.0022834,0.091419,-0.0034885,0.010576,0.055492,0.0069848,-0.025215,-0.074976,-0.090857,-0.013605,-0.0081518,0.010825,-0.0033983
"PIF_195",-3.2725,1.1013,0.70195,0.4043,-0.22146,-0.26556,0.075375,-0.55446,-0.2185,-0.50919,-0.15776,0.22363,0.68733,0.28434,-0.092177,-0.15123,1.2441,0.18142,-0.36351,-0.49451,-0.42552,-0.32085,0.78058,-0.073704,0.39362,-0.15952,0.20644,0.063931,0.31398,0.13165,-0.17106,0.17602,0.041296,0.2176,0.15001,0.17495,0.095869,-0.003391,-0.06896,0.089123,-0.17133,0.077571,-0.053909,0.11963,-0.17295,-0.0119,0.043103,0.069479,0.077271,-0.052845,0.017472,-0.12544,-0.002888,0.01376,0.010075,0.0084697,0.032926,-0.018343,-0.0042603,-0.0032938,-0.043577,0.012883,-0.014958
"NETCR_015_V1",1.7072,-1.5826,-0.018729,-0.33541,0.47422,-0.21112,-0.37531,0.54063,-0.31119,-0.11979,-0.28292,-0.29281,0.12075,-0.39159,-0.083715,0.10538,-0.015588,-0.23404,0.50041,-0.24055,0.042753,-0.092401,0.39544,-0.094284,0.33447,-0.17545,-0.36013,-0.10896,-0.19716,0.18396,-0.14778,-0.11744,-0.2497,0.10194,0.28884,0.066232,0.092567,0.06359,-0.13352,-0.094477,0.20183,0.10533,0.032957,-0.02457,0.10905,-0.10242,0.13449,0.061043,-0.0061179,0.17444,0.13333,-0.15224,-0.087548,0.0094454,0.091797,0.15031,0.11209,0.025124,-0.01101,0.046245,0.0095192,0.011046,0.02169
"PIF_102",1.9357,0.9276,0.058856,-0.17856,-0.08905,0.247,0.18498,-0.92557,0.79587,-0.60048,-0.19544,0.03724,0.11255,-1.1316,-0.077509,0.060405,-1.1464,0.093302,0.25405,0.76632,-0.16528,-0.32734,0.2282,-0.050459,0.2463,0.15373,-0.11254,0.25228,0.13167,-0.012816,-0.054467,0.044203,0.17245,0.30717,-0.21287,0.26562,0.090194,0.02478,0.0015135,-0.0011882,-0.013148,0.11169,-0.17904,-0.024581,0.059561,0.1287,0.094917,-0.039265,0.14012,-0.10818,0.069091,-0.045749,0.017312,0.092907,-0.054724,0.041384,-0.044871,-0.03974,-0.06165,-0.034802,0.0056774,0.02093,0.010845
"NETL_010_V1",-4.2664,0.083282,0.013987,0.45414,0.078198,0.59307,0.3995,-0.37039,-1.0451,0.3762,-0.097492,0.12336,0.38265,-0.1408,0.066463,0.59463,-0.13435,0.16714,-0.39144,0.20623,-0.017803,-0.33059,-0.056365,0.041747,0.29975,-0.072043,-0.018953,-0.353,0.11333,-0.2409,0.16219,0.046719,0.010495,0.033962,0.092382,0.1168,0.19154,0.24134,-0.090181,0.02189,0.11421,0.086294,-0.03188,-0.16405,-0.15292,-0.078382,-0.018987,0.040079,0.061458,-0.027107,0.02885,0.1294,-0.096858,-0.014617,0.02403,-0.089834,0.034338,0.083224,0.012081,-0.11968,0.036496,-0.045823,0.038464
"NETL_010_V2",-4.8997,-0.12363,-0.21824,0.63869,0.7306,0.73339,1.0685,-0.56638,-1.0641,0.40522,0.30139,-0.17068,0.38171,-0.0039342,-0.09837,0.58319,-0.13403,-0.22036,-0.41475,0.1649,0.27465,-0.037679,-0.23768,-0.050832,0.10064,0.3296,0.50885,-0.20247,-0.29334,-0.087145,0.12722,-0.18641,-0.15875,-0.18582,0.0029313,0.12101,0.099182,0.074143,0.023472,-0.041195,-0.11802,-0.058504,0.026518,0.0059125,0.14963,0.10837,0.068674,-0.055842,0.018934,0.041301,0.12361,-0.11203,0.03263,0.028238,-0.044015,0.036918,-0.027355,-0.051725,-0.049428,0.049947,-0.029562,0.01506,-0.010544
"NETL_001_V1",-0.28483,-0.20561,1.3422,0.45341,0.027747,-0.97517,-0.40774,-0.051472,-0.33775,-0.086403,0.2195,0.5375,-0.47468,0.3922,0.49526,0.012995,-0.29129,-0.0544,0.33217,-0.42075,0.13169,0.29743,-0.01511,-0.14733,0.20081,0.27185,0.12352,0.11458,-0.088809,0.20075,0.0072779,-0.021781,0.27242,0.064576,0.27539,-0.23932,0.028334,0.13546,-0.1577,-0.060019,0.012909,0.13826,0.15266,0.063335,0.086944,0.066637,-0.14044,0.0028496,0.11795,-0.17347,0.061459,-0.11119,0.0062143,-0.0067791,-0.090326,0.00040161,-0.099569,-0.0043463,0.07263,-0.04346,-0.0052021,0.021779,0.0081718
"NETCR_015_V2",1.3974,-1.2877,0.43126,-0.45341,-0.031409,-0.50021,-0.097246,0.48561,-0.54827,-0.22174,0.17655,-0.086495,0.65265,0.24755,-0.10077,0.24563,0.65305,-0.74143,0.96059,0.11784,-0.22041,0.13596,-0.18036,0.13625,0.051996,-0.18162,0.13082,0.04746,-0.30446,-0.22231,0.080491,0.21524,-0.22268,0.22173,-0.37324,0.047696,0.0083627,-0.03817,0.021493,0.00091352,-0.043289,0.17524,0.048857,-0.12594,0.041052,0.15032,0.0015811,0.050842,0.17386,0.060297,0.12196,0.056406,0.079139,0.088012,0.033912,-0.080311,-0.042571,0.074195,-0.013334,-0.039007,0.0018542,0.035184,-0.014728
"NETCR_005_V1",0.83157,-1.7554,0.23193,0.0044978,-0.2277,0.10015,-0.050427,0.19784,-0.41552,-0.020193,0.20156,-0.11859,0.52279,-0.46955,0.43273,-0.060802,-0.021445,-0.098854,-0.20105,0.14253,0.43053,-0.28541,0.44499,0.01483,-0.36275,-0.12411,0.16547,0.059007,0.021015,0.074163,-0.29433,0.064044,-0.15808,-0.070819,-0.21079,-0.14656,0.0023767,-0.060612,-0.055114,0.22156,-0.050557,-0.23808,0.00027832,-0.13042,-0.045083,0.105,-0.222,0.030346,0.014156,-0.090355,-0.054933,-0.0043289,-0.11215,-0.0069363,-0.091149,0.0080986,0.06462,-0.0695,-0.087682,0.013236,0.018575,0.010477,-0.016457
"PIF_111",-1.6346,0.77836,-0.59702,-0.56881,0.09726,-0.72199,0.24969,0.22812,0.063373,0.25173,-0.64369,-0.28148,-0.508,-1.1557,-0.072618,0.06257,0.079042,0.11538,0.21435,-0.2205,-0.099399,0.23207,-0.44734,-0.22482,-0.29729,0.47581,-0.36911,0.015746,0.00088184,-0.093591,0.18326,0.15114,-0.28602,0.093804,0.22246,-0.15061,0.19205,-0.071865,-0.090848,0.20073,-0.29892,0.029862,-0.0060974,0.13418,-0.095921,-0.089311,0.053009,-0.05176,0.016122,0.072473,-0.043215,-0.065359,0.016047,0.019468,-0.03465,-0.068743,0.044942,-0.041898,0.0056231,-0.058464,0.016127,0.0014564,-0.030834
"PIF_171",0.38635,0.82994,-0.57964,-0.60184,-0.46711,0.43085,0.21064,-0.17305,0.70299,0.38559,-0.050241,-0.18895,-0.46723,0.06839,1.2787,-0.31871,-0.12648,0.084536,0.20732,0.30781,-0.37881,0.32173,0.16226,0.43757,0.78608,-0.11798,-0.1187,-0.17306,0.1002,0.36611,-0.067485,-0.17239,-0.3227,-0.28722,-0.13041,0.16359,0.21056,0.076432,0.088398,0.11491,0.15268,0.087297,0.15352,-0.069255,-0.11748,-0.024766,-0.11198,0.05831,0.0081866,-0.045867,0.076017,-0.029569,-0.063194,-0.072027,0.0076042,-0.014566,-0.010014,0.018527,-0.0056894,0.0056345,0.0057355,0.00086487,-0.013732
"NETCR_008_V1",-5.5908,0.077721,0.2134,0.2527,-0.77048,0.55778,-0.20948,0.016862,0.44393,0.016702,0.20574,-0.093666,0.18196,-0.48417,0.075445,-0.28912,0.18057,-0.18264,0.13732,-0.40974,0.35952,-0.16115,-0.18945,0.12391,-0.20612,0.24852,0.10048,0.33429,-0.098057,0.10402,0.13788,0.20067,0.1639,0.060745,-0.065516,0.06536,0.033498,-0.34674,0.28115,-0.21472,0.041062,0.16519,0.11466,-0.14579,-0.26065,-0.22492,-0.082787,-0.0093499,0.12313,0.010854,-0.038955,-0.014274,-0.095366,0.064265,0.034562,0.0324,0.027029,0.033164,-0.044756,0.029872,-0.00084197,-0.045662,-0.028657
"NETCR_008_V2",-0.85967,0.2054,0.22458,1.0267,-0.6684,-0.12814,-0.666,-0.58538,0.28059,0.50039,-0.67222,-0.4494,-0.16671,-0.20811,-0.18294,0.1262,0.43432,-0.52349,-0.34531,-0.25147,0.1837,-0.16279,-0.086822,-0.092844,0.40064,0.056138,-0.083355,-0.062766,-0.1839,0.083017,-0.058363,-0.0799,0.059732,-0.058959,-0.18648,0.22339,-0.031705,-0.13882,0.053543,-0.23121,0.020527,-0.16709,-0.054479,0.17261,-0.00071601,0.15541,-0.072814,0.09257,-0.14932,0.064497,0.066895,0.22944,0.052087,0.082251,-0.054827,0.02249,0.021925,-0.070638,0.019044,-0.027505,0.079493,0.040869,-0.00034579
"NETL_017_V1",-2.4241,-1.0604,-0.091886,0.0478,0.36849,0.40884,-0.30585,-0.34188,0.72374,-0.046146,-0.21934,-0.29297,-0.19156,-0.015312,0.39671,0.59546,-0.18759,0.062546,-0.34302,-0.20887,0.12913,-0.39992,0.18257,-0.0038364,0.095041,0.21541,0.042678,-0.024837,0.04795,0.26396,-0.24667,-0.013109,-0.049713,0.27856,0.12386,-0.11713,0.00077948,-0.064005,0.2285,-0.026423,-0.069675,0.093174,-0.041875,0.10419,0.1277,0.011047,0.03652,0.04033,-0.026681,0.1097,-0.15163,0.024877,0.033431,-0.12093,0.16716,-0.033203,-0.068286,-0.00874,0.027541,-0.055636,-0.021047,0.051232,-0.0094034
"NETL_017_V2",-4.481,-0.55734,-0.76107,-0.11343,-0.1555,0.73836,-0.27336,-0.46188,0.41972,0.22619,0.38611,0.10036,-0.19593,0.79471,-0.18769,0.65697,-0.084383,0.022743,0.44433,0.14373,0.20302,-0.41702,-0.36242,-0.038158,0.0040142,-0.10091,-0.12555,-0.0023,0.10531,0.095132,-0.21316,-0.050152,0.095051,0.18589,-0.10938,0.097273,-0.13828,-0.18694,-0.045584,0.06238,0.068948,-0.15757,0.067526,0.11674,-0.26662,0.11543,0.15779,-0.18727,0.13338,-0.036657,0.004009,-0.1546,0.018744,-0.16343,-0.052252,-0.042894,-0.0038926,0.014516,0.01492,0.058925,0.0062569,0.008124,0.0042837
"NETL_002_V1",-0.36519,0.26179,0.45039,0.17133,-0.2636,-0.16639,-1.2149,0.51595,-0.44028,-0.80728,-0.8092,0.10882,0.10689,0.18467,-0.14627,0.27169,-0.20064,0.5772,-0.4333,-0.20743,-0.37661,-0.59549,-0.090999,-0.12036,-0.023888,0.025782,-0.080051,0.11212,0.0088909,0.15977,0.047535,-0.16987,-0.20502,-0.063996,0.044924,-0.078837,0.018836,0.01293,0.055514,-0.11606,-0.13645,-0.12161,0.019693,-0.20972,0.018699,0.12853,0.11482,-0.199,-0.07557,-0.018886,-0.026525,0.033738,-0.048514,0.048625,-0.014074,0.14133,-0.041057,0.10135,0.011915,-0.014984,-0.016007,-0.028847,0.01036
"NETL_002_V2",2.3475,-0.018416,0.66331,0.51489,-0.48582,0.67981,-1.0265,1.013,-0.0016972,-0.71494,-0.34724,-0.154,-0.014507,0.082686,-0.030071,0.37294,-0.16208,0.46908,-0.0017215,-0.090715,-0.05702,-0.29648,-0.42674,0.22663,-0.08839,-0.062584,-0.08508,-0.22986,-0.19045,0.2022,0.3637,-0.34516,-0.20235,-0.13783,-0.24398,0.10098,-0.21038,0.21198,0.088605,0.016518,0.045588,0.064505,-0.021736,0.067861,0.046895,-0.026005,-0.079707,0.18398,0.09824,-0.0060118,-0.1333,-0.14185,0.11671,0.029212,-0.07041,-0.055532,0.064984,-0.031764,-0.0027042,-0.01428,-0.019572,0.0036369,-0.0096766
"PIF_190",-2.5758,-0.20655,-0.75952,-0.24696,0.79604,0.23497,0.24717,-0.038545,0.75039,0.53327,-0.29134,-0.19676,0.12878,0.52757,0.088233,-0.0099159,0.22496,-0.15757,-0.15764,-0.007981,-0.18175,-0.062614,-0.063662,0.64611,-0.59194,-0.14649,-0.28428,-0.016763,0.2075,0.15741,-0.097325,-0.11779,0.10919,-0.18082,-0.16277,-0.11038,0.32065,0.095932,0.0061793,-0.092451,-0.14054,0.075997,0.1282,-0.064903,0.22031,0.02102,0.25506,0.20046,0.17098,-0.064321,-0.019688,0.062041,-0.011657,0.12895,-0.043425,0.056285,0.01209,-0.054216,0.036259,-0.010771,-0.019645,-0.038615,-0.011773
"NETCR_009_V1",2.8702,-0.7367,0.55426,-0.37497,-1.1778,-0.15697,0.7185,0.57617,-0.60583,0.54792,0.41729,0.11134,-0.060446,-0.17877,-0.6751,-0.35433,-0.91268,-0.034443,0.02635,-0.30732,0.078535,-0.072222,-0.19375,0.025398,0.2533,-0.32931,0.51166,-0.13156,0.38254,0.2107,0.12335,-0.11816,0.045323,0.22701,-0.23108,-0.37093,0.12041,0.040154,0.05272,-0.064267,0.025186,0.11338,-0.098816,0.064175,-0.17105,0.058794,0.15719,0.014159,0.024238,0.078728,-0.034177,0.092238,-0.060954,-0.015094,0.088888,0.056394,0.03425,-0.068917,0.042037,0.014719,-0.0061329,0.016351,-0.013181
"NETCR_009_V2",-3.3077,-0.4458,-0.22894,-0.9355,-1.3133,-0.65281,0.90219,0.12372,-0.69597,-0.50804,0.064076,0.4242,-0.54704,-0.16268,0.30029,0.22261,0.082757,-0.64158,0.49445,-0.062507,-0.35913,-0.31679,0.19635,0.13343,-0.096368,0.034792,0.19429,-0.49686,0.099404,0.020425,0.092253,-0.18924,0.12785,-0.29365,0.0071397,0.21994,0.055565,-0.050605,0.22516,-0.0048131,-0.0080433,-0.18169,-0.085466,0.16203,0.15877,0.0063586,-0.085708,-0.11791,-0.080473,-0.0079795,-0.16512,-0.11954,0.0023961,0.04739,0.045734,0.027257,-0.031457,0.018136,0.020007,-0.028424,0.027256,-0.032095,-0.037442
"NETL_007_V1",-2.584,-0.42625,0.38379,-0.10355,0.41152,-0.62093,-0.31178,-0.037957,-0.048804,0.052417,0.18904,0.029844,-0.37608,-0.28224,0.20482,0.19318,0.11304,-0.50843,-0.18269,0.26819,0.03179,0.045867,-0.27981,0.18458,0.11965,-0.014684,0.14575,-0.15652,-0.10719,-0.083361,0.21342,-0.052523,0.16518,-0.10726,0.18391,0.071157,-0.15751,0.068889,0.14917,-0.11833,-0.25629,0.16222,-0.11307,0.082442,-0.095135,-0.27375,-0.014425,0.08017,-0.023002,-0.13754,0.062057,0.068181,0.072128,-0.058016,0.022845,0.093053,0.0081877,-0.045698,-0.039936,0.074696,0.0057683,-0.015087,0.067223
"PIF_112",-4.2575,0.18868,-0.23247,-0.13598,0.29061,-0.78228,-0.12288,-0.071003,-0.092735,-0.28573,0.13908,0.27454,-0.48884,0.011215,-0.60052,-0.64804,-0.06649,0.31352,-0.29805,0.28317,0.054771,-0.13794,-0.20183,0.45787,-0.055487,-0.22304,0.12275,-0.21787,-0.26626,0.16161,0.05303,-0.036317,0.046874,0.21977,-0.055751,0.2244,-0.15422,-0.027405,-0.075002,0.32554,0.19419,-0.078871,0.10147,0.056009,-0.014108,-0.13944,-0.10227,-0.067912,0.18761,0.29394,0.014169,0.11541,0.056661,-0.010364,-0.096242,0.030322,0.011577,0.0299,0.017336,-0.021242,-0.045589,0.0089694,0.014266
"NETCR_019_V2",0.67188,-1.3657,0.19036,0.3304,-0.18022,-0.2593,-0.58671,-0.68816,-0.046684,0.43723,0.69177,0.39318,0.44969,-0.00074346,0.12303,-0.034117,-0.080821,0.059596,0.44881,0.37882,-0.26319,-0.099072,-0.022167,0.096967,-0.32703,0.11548,-0.17199,0.16853,0.018198,0.1052,-0.097993,0.13448,-0.42628,-0.29314,0.23445,-0.069578,-0.097571,-0.11901,0.083536,0.27174,-0.14095,-0.037026,-0.12313,-0.13387,-0.18854,-0.015014,0.016215,0.022109,-0.096963,0.090224,0.035622,-0.010894,0.095425,-0.01046,-0.036702,0.11532,-0.10484,0.0081139,0.01939,-0.038333,0.053203,-0.011997,0.015915
"NETL_012_V1",-2.4054,-0.66415,0.35886,-0.41302,-1.0391,-0.67281,0.29055,0.096479,0.23813,-0.25754,-0.34003,-0.32366,0.1957,-0.024619,0.26399,-0.14313,-0.0058549,-0.097366,-0.053913,0.28297,0.082056,0.025187,0.49239,0.16343,-0.021851,0.11301,-0.26795,0.24114,0.047294,0.13285,0.25744,-0.2117,0.18635,-0.16784,-0.084354,-0.1674,-0.27632,-0.012308,-0.0073844,-0.040061,-0.22083,0.028943,-0.08831,0.16724,0.081786,0.029087,0.018358,-0.019015,0.036229,0.032865,0.16403,0.039411,0.0060311,-0.13707,-0.15592,-0.034132,0.11626,0.033869,0.027529,-0.0037093,-0.019121,0.0031917,0.017867
"NETL_012_V2",-2.3132,-1.248,0.46636,-0.38643,-0.32046,0.065034,0.041315,-0.24909,-0.073913,0.19921,-0.41484,-0.5581,-0.14709,0.17199,0.38384,0.00099253,-0.088952,-0.39167,-0.17359,0.38376,0.093372,-0.31349,0.089087,-0.20517,-0.10496,-0.068668,-0.25814,-0.11853,0.58422,-0.19251,0.0092026,0.40242,0.25542,0.1266,-0.092107,-0.1003,-0.28793,0.29609,-0.23456,0.0069632,0.21818,0.1395,0.21413,-0.11666,0.00018475,-0.12561,-0.024205,-0.086984,-0.22985,0.051596,0.0038709,0.024103,0.10061,0.039893,-0.050436,0.051753,-0.022345,-0.037593,0.037629,0.0041054,-0.028585,-0.01896,-0.038447
"NETL_003_V1",-1.4202,-1.1152,-1.1992,0.83871,-0.11852,0.58489,-0.75491,-0.24776,0.31087,-0.43174,0.71875,-0.28564,0.12826,-0.029469,-0.31546,-0.29307,-0.18831,-0.35549,0.074101,-0.21617,-0.34354,0.36454,0.21389,-0.29621,0.23326,-0.087484,0.059048,0.24897,0.037894,-0.37643,-0.14504,-0.062798,-0.049812,-0.088675,-0.20348,-0.067341,0.19522,0.047141,0.024477,0.19359,-0.10252,-0.096883,0.026689,0.15983,0.14244,-0.2372,0.022858,-0.049143,0.071709,0.024183,-0.065521,-0.027103,0.096595,-0.02653,0.064753,0.027621,0.01315,-0.075681,0.024644,-0.057403,-0.035081,-0.029242,0.033702
"NETL_003_V2",-2.2193,-0.36912,-1.0065,0.45894,-0.21111,0.27108,-0.42807,-0.25402,0.20584,-0.42715,0.17984,-0.20536,-0.39684,0.37147,-0.19928,-0.44051,0.12343,-0.45373,-0.23344,-0.15408,-0.016938,0.4744,0.11576,-0.24028,0.3064,-0.16505,0.053788,0.34247,-0.16761,0.094169,0.068737,0.0070286,0.101,-0.14221,-0.144,-0.017066,0.10408,0.11524,-0.27154,-0.11293,0.15688,0.0030933,-0.16482,-0.033945,0.047956,0.011669,0.15647,-0.1243,-0.045313,0.021165,-0.15274,-0.011261,0.066103,0.040645,-0.10121,-0.0063942,-0.03234,0.10425,-0.054342,0.0081383,0.052815,-0.0044652,-0.01936
